name,site,year,yday,layer,lower,middle,upper
b0,st33,2017,181,pelagic,0.11684119984672518,0.15041644274381624,0.18401230540621105
b0,st33,2017,181,benthic,0.23773880541421372,0.27427512552823524,0.3112197801356963
b0,st33,2017,182,pelagic,0.11834484756023483,0.1500686826160471,0.18304222225487302
b0,st33,2017,182,benthic,0.23771110996735856,0.2730783415429475,0.30887301955610275
b0,st33,2017,183,pelagic,0.11805705801625707,0.14873080914351627,0.18126104322616243
b0,st33,2017,183,benthic,0.23988063861045095,0.27259005937032,0.307640882463596
b0,st33,2017,184,pelagic,0.1202544027969926,0.14969861377430477,0.1811786788415743
b0,st33,2017,184,benthic,0.24136843204745184,0.2736311837353249,0.307742663981416
b0,st33,2017,185,pelagic,0.12076298255841639,0.15023906479637067,0.18106756372972033
b0,st33,2017,185,benthic,0.24281438122909235,0.2748305702100947,0.3081971876409394
b0,st33,2017,186,pelagic,0.12222736272685641,0.14991876958906292,0.18140124612397346
b0,st33,2017,186,benthic,0.24500281474722801,0.2770730566235935,0.3107163441680664
b0,st33,2017,187,pelagic,0.12325220290093548,0.15086893340562962,0.18200495973547492
b0,st33,2017,187,benthic,0.2474174874841733,0.2792330778886985,0.31278467490010353
b0,st33,2017,188,pelagic,0.12454447560447628,0.1516606751314345,0.18146980551843217
b0,st33,2017,188,benthic,0.24975511346894666,0.28121150539667056,0.31405256139382004
b0,st33,2017,189,pelagic,0.12588573714226167,0.15319938634296357,0.18212263160414044
b0,st33,2017,189,benthic,0.2522623923496764,0.2835772390553237,0.31490600154451254
b0,st33,2017,190,pelagic,0.12702878381719707,0.15422452918494103,0.18295789797384107
b0,st33,2017,190,benthic,0.25396564857870585,0.2852702637746526,0.3158681254024449
b0,st33,2017,191,pelagic,0.1278852013453182,0.15404802613122964,0.18259023199308222
b0,st33,2017,191,benthic,0.2546046525614484,0.28605754090149527,0.3162813526918379
b0,st33,2017,192,pelagic,0.1278939449001738,0.15495025550727037,0.18324843875702956
b0,st33,2017,192,benthic,0.2565991160675204,0.2868717601439296,0.31706575203174603
b0,st33,2017,193,pelagic,0.1283890081538412,0.15358268522794535,0.1826110004075577
b0,st33,2017,193,benthic,0.25956049276045184,0.29022098019415954,0.32012178835585703
b0,st33,2017,194,pelagic,0.1278303919691906,0.153471746540431,0.18177221660404688
b0,st33,2017,194,benthic,0.2620555452170938,0.2921324331499478,0.32101503413080396
b0,st33,2017,195,pelagic,0.12718370787125097,0.15408870163407182,0.18145964067665843
b0,st33,2017,195,benthic,0.26530450244459003,0.29548525675940673,0.3238634316759005
b0,st33,2017,196,pelagic,0.12823797953304863,0.15428067247069147,0.18200018354733882
b0,st33,2017,196,benthic,0.268628499046439,0.29878281894999503,0.32692637929514246
b0,st33,2017,197,pelagic,0.1285102371567757,0.15538261187846342,0.18175677366464857
b0,st33,2017,197,benthic,0.2715139816146807,0.3011990705374311,0.33013267203707836
b0,st33,2017,198,pelagic,0.13063536269696946,0.15649211970185306,0.18362085171659528
b0,st33,2017,198,benthic,0.27597567555797314,0.30473179980022713,0.33408047799480906
b0,st33,2017,199,pelagic,0.12932783046364044,0.1545154975404684,0.18202009352912263
b0,st33,2017,199,benthic,0.2787611869590156,0.3086988429384985,0.33831553150958105
b0,st33,2017,200,pelagic,0.12911121096682765,0.15531523177085718,0.18220193037253538
b0,st33,2017,200,benthic,0.2839649572975197,0.31332603681104365,0.34316517767327015
b0,st33,2017,201,pelagic,0.12946176996753048,0.15693480140411953,0.18296839314331906
b0,st33,2017,201,benthic,0.2878114090175492,0.317929341716113,0.34785419693119973
b0,st33,2017,202,pelagic,0.13107979428865782,0.15818081189746114,0.184808152492855
b0,st33,2017,202,benthic,0.29231063223354137,0.3232915098818342,0.3522173338912129
b0,st33,2017,203,pelagic,0.1353999698007652,0.16156064320981234,0.18859842926178275
b0,st33,2017,203,benthic,0.29830171254479126,0.3293364636335636,0.3588119729278483
b0,st33,2017,204,pelagic,0.13764116108863073,0.16424929089122028,0.1915151440205396
b0,st33,2017,204,benthic,0.30322049827151715,0.33447359689703116,0.364579823993568
b0,st33,2017,205,pelagic,0.14017369202283425,0.16601405173506217,0.1932714806267633
b0,st33,2017,205,benthic,0.3082206529762016,0.340230203693744,0.37037830037627717
b0,st33,2017,206,pelagic,0.14214506192791987,0.16795925734024106,0.19449422620834728
b0,st33,2017,206,benthic,0.3115339805214469,0.34348052754231384,0.37305991259704946
b0,st33,2017,207,pelagic,0.14547588312695847,0.1709132044686363,0.19649664407917844
b0,st33,2017,207,benthic,0.31455569850927,0.34694899948085955,0.37690839911864316
b0,st33,2017,208,pelagic,0.14775614550952998,0.1725062276100066,0.19746897249316603
b0,st33,2017,208,benthic,0.3168884207566023,0.3488904128948772,0.3795282703603594
b0,st33,2017,209,pelagic,0.15121977667093112,0.17578542421113158,0.20018742886050495
b0,st33,2017,209,benthic,0.3206581051396173,0.3517417282806867,0.3829398957587284
b0,st33,2017,210,pelagic,0.1524980179267306,0.17652588285273466,0.20128915144824072
b0,st33,2017,210,benthic,0.3229575682061391,0.3544998564521083,0.3847542594098846
b0,st33,2017,211,pelagic,0.1528655136820444,0.1773411425522854,0.20163448679850207
b0,st33,2017,211,benthic,0.3257239049227043,0.3564885892279662,0.3871416205071536
b0,st33,2017,212,pelagic,0.15273216139661022,0.17724451719486162,0.2011975773707264
b0,st33,2017,212,benthic,0.32861235139137995,0.35934405596619556,0.38898731713945833
b0,st33,2017,213,pelagic,0.15355889458676,0.17794606415333475,0.20238980273560608
b0,st33,2017,213,benthic,0.3326392406508384,0.36320018918819735,0.3928434599593096
b0,st33,2017,214,pelagic,0.15531785483195495,0.17973638224933772,0.20343342329969824
b0,st33,2017,214,benthic,0.33205294398578045,0.3626577209356241,0.3926874613277243
b0,st33,2017,215,pelagic,0.15752291640405797,0.18113253781947647,0.2048185685365003
b0,st33,2017,215,benthic,0.3313093125132366,0.36143237887728946,0.39113767604165595
b0,st33,2017,216,pelagic,0.1573944525077966,0.18187005965633113,0.20540703254446496
b0,st33,2017,216,benthic,0.329586356795374,0.3610988616729435,0.38964434776260815
b0,st33,2017,217,pelagic,0.1559252563154715,0.18007239082710436,0.20370650725575243
b0,st33,2017,217,benthic,0.32929112594287246,0.36044067728186235,0.3903194647461742
b0,st33,2017,218,pelagic,0.1537968960649792,0.17815697990545853,0.20223371209005658
b0,st33,2017,218,benthic,0.3290851970561625,0.3605057967460372,0.3913084070420069
b0,st33,2017,219,pelagic,0.1516625258568417,0.1762401059210579,0.2006926160473699
b0,st33,2017,219,benthic,0.32839419715319823,0.36015088913052684,0.3921312516320265
b0,st33,2017,220,pelagic,0.1496077172029485,0.1735138503330312,0.19827510362915954
b0,st33,2017,220,benthic,0.32804710449361885,0.35938077539898805,0.3911520031983398
b0,st33,2017,221,pelagic,0.14620660980079317,0.1709120676231009,0.1954294274800273
b0,st33,2017,221,benthic,0.32604602111555203,0.35800835979050616,0.39047109828065485
b0,st33,2017,222,pelagic,0.1428145519931254,0.16769654830912722,0.19256341297672447
b0,st33,2017,222,benthic,0.32407790075934567,0.3572290834479208,0.38946659759218527
b0,st33,2017,223,pelagic,0.13863254857483956,0.16458002856203513,0.18979451891468158
b0,st33,2017,223,benthic,0.32325306812986376,0.3568287869364968,0.3891565566777929
b0,st33,2017,224,pelagic,0.13518250473226626,0.16122893501866295,0.18636756874067367
b0,st33,2017,224,benthic,0.32231434367818557,0.356903534860065,0.39052245183577783
b0,st33,2017,225,pelagic,0.13067958149403186,0.15687980397432488,0.18329075902450667
b0,st33,2017,225,benthic,0.3219470771084829,0.3565996820973352,0.3928879199816671
b0,st33,2017,226,pelagic,0.12607230231719546,0.1537668241502811,0.18146296300915626
b0,st33,2017,226,benthic,0.32080502535654687,0.35639507049300156,0.3944436208256893
b0,st33,2017,227,pelagic,0.12207652555210885,0.15049090552945488,0.17806507426435883
b0,st33,2017,227,benthic,0.3203879341877322,0.3566552229842316,0.3941954667165593
b0,st33,2017,228,pelagic,0.11819035118751905,0.14731838301569614,0.17640501658773572
b0,st33,2017,228,benthic,0.3154981129958599,0.3529817862943219,0.3918255424305156
b0,st33,2017,229,pelagic,0.11573579156406226,0.1453848409102269,0.17600535300412748
b0,st33,2017,229,benthic,0.3139326183540231,0.35126863898018323,0.3906419065023237
b0,st33,2017,230,pelagic,0.11320973501039376,0.14380243430437062,0.17575903135383739
b0,st33,2017,230,benthic,0.3110366997963734,0.3497459328596782,0.39180664692720446
r,st33,2017,181,pelagic,0.010164732122559366,0.030838572986436563,0.05763566078322613
r,st33,2017,181,benthic,0.11056966975835153,0.13545602327672313,0.15956382227732227
r,st33,2017,182,pelagic,0.011233980161351917,0.030590795054459552,0.056380503335406444
r,st33,2017,182,benthic,0.11201969076228126,0.1363276972978296,0.15974468702721273
r,st33,2017,183,pelagic,0.0122433212032552,0.03095967519304326,0.05614241054131751
r,st33,2017,183,benthic,0.11359543933729704,0.13664212348148647,0.15930719519296507
r,st33,2017,184,pelagic,0.010928190281390375,0.02983227149047879,0.05382503850823693
r,st33,2017,184,benthic,0.11443832307312536,0.13635111085114643,0.1581805962769291
r,st33,2017,185,pelagic,0.01154015742953457,0.03061165382943941,0.0541376036507155
r,st33,2017,185,benthic,0.11539888295009769,0.13700807490544192,0.15846496452949088
r,st33,2017,186,pelagic,0.013511184531136086,0.0329076679897376,0.05595119919908305
r,st33,2017,186,benthic,0.11703154550042852,0.13785693084867456,0.15904828708490173
r,st33,2017,187,pelagic,0.015529843649806573,0.03493105901272804,0.05814468370970198
r,st33,2017,187,benthic,0.11696414689742321,0.1374466924997745,0.15844767795589584
r,st33,2017,188,pelagic,0.01610767186381537,0.036249779056677776,0.058794984810209325
r,st33,2017,188,benthic,0.11589512202755811,0.1362457517834137,0.15753268370699666
r,st33,2017,189,pelagic,0.017776895775747238,0.03822838944418153,0.05970645553857012
r,st33,2017,189,benthic,0.11577119886095356,0.13536539577549886,0.1559810250716186
r,st33,2017,190,pelagic,0.017015610409971373,0.037460639790080255,0.05969359023909646
r,st33,2017,190,benthic,0.11390727622019788,0.13395188412396977,0.15452231596686342
r,st33,2017,191,pelagic,0.017733810129694095,0.03790578923261325,0.05980732290397467
r,st33,2017,191,benthic,0.11441483724253682,0.133877807861864,0.15476619732847227
r,st33,2017,192,pelagic,0.01666251492064444,0.0371951678816934,0.05837890680816957
r,st33,2017,192,benthic,0.1148787461213577,0.13406896698841098,0.15444395799266455
r,st33,2017,193,pelagic,0.01702347414621095,0.03702850183265419,0.05884182136994642
r,st33,2017,193,benthic,0.11320647483123339,0.13256895507464173,0.1522276320773437
r,st33,2017,194,pelagic,0.018094646236288276,0.038548566081082605,0.059872384218081644
r,st33,2017,194,benthic,0.11291097474764494,0.13176131891104795,0.15169918064279853
r,st33,2017,195,pelagic,0.019779857397934846,0.039631021508161314,0.059731402751130785
r,st33,2017,195,benthic,0.10958246401339224,0.1287691574237342,0.14914920534665724
r,st33,2017,196,pelagic,0.021374907651657695,0.041640400550501167,0.06090188341571219
r,st33,2017,196,benthic,0.1084510396334636,0.127731073345666,0.1479269441215553
r,st33,2017,197,pelagic,0.023067795955618992,0.043016092024493593,0.06250042831774985
r,st33,2017,197,benthic,0.10813832101403338,0.12756987721299706,0.14793077353468817
r,st33,2017,198,pelagic,0.024085464990529562,0.042957329687456525,0.06311287618094397
r,st33,2017,198,benthic,0.10537138471251274,0.12477730153587877,0.14480001612394036
r,st33,2017,199,pelagic,0.02544481319062053,0.044436961939831855,0.06388258196522704
r,st33,2017,199,benthic,0.10468822359018268,0.12429162099453706,0.14445660735110588
r,st33,2017,200,pelagic,0.02435855609163934,0.042999969226451634,0.06266210009004951
r,st33,2017,200,benthic,0.10127903211981384,0.12077749670061824,0.1415009041571238
r,st33,2017,201,pelagic,0.022220738514540428,0.04100232739130392,0.060330006204141556
r,st33,2017,201,benthic,0.0955047833081129,0.11512319508055976,0.13573639742650445
r,st33,2017,202,pelagic,0.019327456163578362,0.037780559974684796,0.055873745899532375
r,st33,2017,202,benthic,0.08810962912746578,0.10808393127230506,0.12827160066309015
r,st33,2017,203,pelagic,0.014587161277683286,0.03203967246228123,0.05066341114675953
r,st33,2017,203,benthic,0.07810875271457351,0.09896591996845817,0.11906537674922575
r,st33,2017,204,pelagic,0.012925261492358701,0.029937660573301696,0.04797058279972384
r,st33,2017,204,benthic,0.07272431841956244,0.09292812181264445,0.11423091288617257
r,st33,2017,205,pelagic,0.012947982776748548,0.029181359940360967,0.04733015231032604
r,st33,2017,205,benthic,0.06838725194833592,0.08943923807508608,0.11013808756657284
r,st33,2017,206,pelagic,0.012241664799930677,0.027730717014817843,0.045243755110726425
r,st33,2017,206,benthic,0.06857016025732901,0.09006533232861985,0.11207895371869797
r,st33,2017,207,pelagic,0.012630316177107683,0.027681092410773496,0.04510847094975133
r,st33,2017,207,benthic,0.07458590208821009,0.09592962519324261,0.11678252603930528
r,st33,2017,208,pelagic,0.014511713050180083,0.029302411501618802,0.04687981952600309
r,st33,2017,208,benthic,0.08443940149231051,0.1043054785127214,0.12491924095198781
r,st33,2017,209,pelagic,0.012820628535557684,0.027427303388403754,0.04500525552476975
r,st33,2017,209,benthic,0.08816123559689472,0.10771393880674868,0.1277476274575893
r,st33,2017,210,pelagic,0.010319012522345917,0.024731575652911127,0.042494833308636064
r,st33,2017,210,benthic,0.08951462353669812,0.1084799764537861,0.12821697619975192
r,st33,2017,211,pelagic,0.009852761409240776,0.024101177795361185,0.041540225055421556
r,st33,2017,211,benthic,0.09240491514552385,0.11022659624465256,0.12957507820693098
r,st33,2017,212,pelagic,0.009773876935616327,0.023113021337115562,0.03988085232904443
r,st33,2017,212,benthic,0.09248812821793644,0.11051304835594511,0.129455816001116
r,st33,2017,213,pelagic,0.00881205192902079,0.022073790927612927,0.038370894752749254
r,st33,2017,213,benthic,0.09034179269484732,0.10843650776868584,0.12691774771687744
r,st33,2017,214,pelagic,0.00750079232504325,0.019757269463106263,0.035653548796745885
r,st33,2017,214,benthic,0.09433652337483249,0.11219296250113574,0.13100451694520263
r,st33,2017,215,pelagic,0.0057928209537123285,0.016972545895195854,0.032100603517436814
r,st33,2017,215,benthic,0.09803728708144857,0.11674613969294625,0.13477649304843922
r,st33,2017,216,pelagic,0.005187932432627334,0.01513222224174186,0.03028363068715266
r,st33,2017,216,benthic,0.10162452818273988,0.1199347486309838,0.13779652048142477
r,st33,2017,217,pelagic,0.006204641177030626,0.016658828074280277,0.03096531104860318
r,st33,2017,217,benthic,0.10396951816333014,0.12281598895407025,0.14063705299859913
r,st33,2017,218,pelagic,0.006070312013989871,0.01661404028716902,0.031059616933420693
r,st33,2017,218,benthic,0.10707109565648307,0.12487427258870731,0.14330987247483815
r,st33,2017,219,pelagic,0.005570276740585716,0.01616437384008535,0.03017959134530561
r,st33,2017,219,benthic,0.10710216880143159,0.12610850725861011,0.14403452842779688
r,st33,2017,220,pelagic,0.006136734193167058,0.01618238840550313,0.030092238377559997
r,st33,2017,220,benthic,0.1085960012762538,0.12689237760390973,0.1460890223541288
r,st33,2017,221,pelagic,0.006025599469627805,0.015992739463436968,0.03026721860981887
r,st33,2017,221,benthic,0.11064099041045067,0.12904364695348963,0.1482822315683374
r,st33,2017,222,pelagic,0.006471941199393423,0.016847285687929193,0.0321002348758324
r,st33,2017,222,benthic,0.11254653448101451,0.1309125438554371,0.15045171729648443
r,st33,2017,223,pelagic,0.006399273022801914,0.016842638855444732,0.03135581668872855
r,st33,2017,223,benthic,0.11052146458603648,0.13028180462313788,0.14972495021409254
r,st33,2017,224,pelagic,0.005459588545831838,0.015673668618437952,0.029910759619625645
r,st33,2017,224,benthic,0.10663232675193485,0.126775241928181,0.14627788013024257
r,st33,2017,225,pelagic,0.005928526579919955,0.0166487336267793,0.03117484600685299
r,st33,2017,225,benthic,0.10368558265575124,0.1242901011326732,0.14340869772082018
r,st33,2017,226,pelagic,0.006126307143854863,0.017476225894601967,0.03277176726358255
r,st33,2017,226,benthic,0.10279527005881778,0.12293767501762601,0.14320921480336576
r,st33,2017,227,pelagic,0.007667682683764023,0.01988943448511918,0.03649966790246916
r,st33,2017,227,benthic,0.10235459464470154,0.12394107001109907,0.14486458784061823
r,st33,2017,228,pelagic,0.009447901796297,0.02368133333318408,0.04093253404036763
r,st33,2017,228,benthic,0.11002512835101891,0.1319507149767843,0.15396098910014325
r,st33,2017,229,pelagic,0.01094101337485314,0.026390994101196403,0.0453178720186559
r,st33,2017,229,benthic,0.1132088128034198,0.1359540616467681,0.15891448640926792
r,st33,2017,230,pelagic,0.010620929380752589,0.0269999858071928,0.047468497935203344
r,st33,2017,230,benthic,0.11272837349932785,0.13716524943340075,0.16196169682409267
beta0,st33,2017,181,pelagic,0.09628378701966153,0.12395169474808021,0.15163659433462348
beta0,st33,2017,181,benthic,0.19591028281838105,0.22601828640748678,0.25646278081875706
beta0,st33,2017,182,pelagic,0.0975228781655081,0.12366512064476753,0.15083719070253715
beta0,st33,2017,182,benthic,0.19588746019665243,0.22503206840819245,0.25452891676970474
beta0,st33,2017,183,pelagic,0.09728572323047498,0.12256263689196975,0.14936939798499205
beta0,st33,2017,183,benthic,0.19767527506057536,0.22462969615614065,0.25351356580147116
beta0,st33,2017,184,pelagic,0.09909646017219284,0.1233601628936688,0.14930152505254962
beta0,st33,2017,184,benthic,0.1989013013818162,0.22548764178450303,0.25359743955488323
beta0,st33,2017,185,pelagic,0.09951555879062257,0.12380552524163693,0.14920995988736432
beta0,st33,2017,185,benthic,0.20009284565925398,0.22647600438299134,0.25397199287414357
beta0,st33,2017,186,pelagic,0.10072229124834178,0.12354158379320701,0.1494849331384318
beta0,st33,2017,186,benthic,0.20189623921429514,0.22832394059483302,0.2560479209786588
beta0,st33,2017,187,pelagic,0.10156681777819311,0.12432457276172248,0.14998242745436602
beta0,st33,2017,187,benthic,0.20388606673944218,0.23010392083913161,0.25775234301430133
beta0,st33,2017,188,pelagic,0.10263172390653028,0.12497701292668123,0.14954142997467554
beta0,st33,2017,188,benthic,0.2058124033633797,0.23173425751028282,0.258797153520238
beta0,st33,2017,189,pelagic,0.10373699961759113,0.12624499838703238,0.1500793957596869
beta0,st33,2017,189,benthic,0.20787854361243363,0.23368375645443792,0.2595004366927071
beta0,st33,2017,190,pelagic,0.10467893502006374,0.12708977433242813,0.1507677027040733
beta0,st33,2017,190,benthic,0.20928212351584885,0.23507890501255546,0.260293281414819
beta0,st33,2017,191,pelagic,0.10538467172069413,0.126944325788129,0.1504647250469438
beta0,st33,2017,191,benthic,0.20980869910271213,0.23572766609431262,0.2606338041788339
beta0,st33,2017,192,pelagic,0.10539187690666119,0.12768781405425042,0.151007124816528
beta0,st33,2017,192,benthic,0.21145225034738474,0.23639862901003675,0.2612801938006553
beta0,st33,2017,193,pelagic,0.10579983715475777,0.1265608584454268,0.15048183940043142
beta0,st33,2017,193,benthic,0.21389259299331137,0.23915857661774145,0.26379854136077147
beta0,st33,2017,194,pelagic,0.1053395056807641,0.1264694386639209,0.14979063389074201
beta0,st33,2017,194,benthic,0.21594865797427132,0.24073372245272645,0.26453462662918736
beta0,st33,2017,195,pelagic,0.1048066012426318,0.12697784471345425,0.14953305356753732
beta0,st33,2017,195,benthic,0.2186259833195999,0.2434966395979725,0.266881868038375
beta0,st33,2017,196,pelagic,0.10567538099051657,0.12713603958967357,0.1499784916039822
beta0,st33,2017,196,benthic,0.22136514537276566,0.24621401819438543,0.2694059108983451
beta0,st33,2017,197,pelagic,0.1058997367408153,0.1280441002684895,0.14977790803128546
beta0,st33,2017,197,benthic,0.22374294694801472,0.24820514678203948,0.27204807828358435
beta0,st33,2017,198,pelagic,0.10765096092518243,0.12895839775177484,0.1513140142538945
beta0,st33,2017,198,benthic,0.22741963624893274,0.2511163164069953,0.2753012946877957
beta0,st33,2017,199,pelagic,0.10657348007732786,0.1273295487887826,0.1499948985601599
beta0,st33,2017,199,benthic,0.22971505590253646,0.2543853853409346,0.27879121939901136
beta0,st33,2017,200,pelagic,0.10639497330469296,0.12798857523161355,0.1501447424502128
beta0,st33,2017,200,benthic,0.23400325831426308,0.2581984559864541,0.28278760337108544
beta0,st33,2017,201,pelagic,0.1066838538383213,0.12932319262545333,0.1507763513200074
beta0,st33,2017,201,benthic,0.2371729530681561,0.26199184076551907,0.28665162164677793
beta0,st33,2017,202,pelagic,0.10801719780716472,0.13034997606419363,0.15229241755016018
beta0,st33,2017,202,benthic,0.24088056862200857,0.26641057198626306,0.29024709439394775
beta0,st33,2017,203,pelagic,0.11157726788040065,0.13313514909106858,0.15541582095275916
beta0,st33,2017,203,benthic,0.24581755918238274,0.27139195732241794,0.2956814516352967
beta0,st33,2017,204,pelagic,0.11342413683513784,0.13535074753637028,0.1578193596274531
beta0,st33,2017,204,benthic,0.24987091808257128,0.27562524699832147,0.3004344886145591
beta0,st33,2017,205,pelagic,0.11551108621095249,0.13680501073678258,0.159266680777444
beta0,st33,2017,205,benthic,0.2539913296435853,0.28036901806107795,0.30521276259500185
beta0,st33,2017,206,pelagic,0.11713560701634675,0.13840797067252603,0.16027429260709744
beta0,st33,2017,206,benthic,0.25672169978794596,0.28304746957981586,0.30742256342101926
beta0,st33,2017,207,pelagic,0.119880392925337,0.14084219093516331,0.16192439870025974
beta0,st33,2017,207,benthic,0.2592117670891608,0.2859056875188023,0.3105939349670086
beta0,st33,2017,208,pelagic,0.12175945868194064,0.14215493251144207,0.16272565255633412
beta0,st33,2017,208,benthic,0.2611340627548404,0.2875055224735752,0.31275285771846323
beta0,st33,2017,209,pelagic,0.12461368754553062,0.14485717681869414,0.1649658150524268
beta0,st33,2017,209,benthic,0.26424049686148865,0.2898551683492877,0.3155642308786014
beta0,st33,2017,210,pelagic,0.12566703096373064,0.1454673568086164,0.16587369705921423
beta0,st33,2017,210,benthic,0.26613538507255624,0.29212802266590254,0.31705936961042985
beta0,st33,2017,211,pelagic,0.12596986834542206,0.14613917712011806,0.16615827300809652
beta0,st33,2017,211,benthic,0.2684150036967389,0.2937668514632866,0.31902669079276974
beta0,st33,2017,212,pelagic,0.12585997848579913,0.14605955233582027,0.16579823481655093
beta0,st33,2017,212,benthic,0.2707952476943398,0.2961199182892527,0.3205476496812513
beta0,st33,2017,213,pelagic,0.1265412536054221,0.14663766688807178,0.16678069625363048
beta0,st33,2017,213,benthic,0.2741136332323015,0.29929759115082655,0.32372533045199836
beta0,st33,2017,214,pelagic,0.12799073678298767,0.14811299071630296,0.16764069889186256
beta0,st33,2017,214,benthic,0.2736304914697825,0.29885056649031116,0.3235967787164923
beta0,st33,2017,215,pelagic,0.12980783279922267,0.1492635022288336,0.1687821372641705
beta0,st33,2017,215,benthic,0.27301769688690025,0.29784081501629606,0.32231966758954594
beta0,st33,2017,216,pelagic,0.12970197125001254,0.1498712621247883,0.16926706504038241
beta0,st33,2017,216,benthic,0.2715978834854579,0.2975659778910974,0.32108908024399585
beta0,st33,2017,217,pelagic,0.12849127011498915,0.14838988087474797,0.16786573558694703
beta0,st33,2017,217,benthic,0.2713545964894224,0.297023596558026,0.3216454149953019
beta0,st33,2017,218,pelagic,0.12673738034555557,0.14681147345102405,0.16665206869339003
beta0,st33,2017,218,benthic,0.27118489938690044,0.29707725869627577,0.32246035963393627
beta0,st33,2017,219,pelagic,0.12497853802956592,0.1452318603804661,0.16538211799667057
beta0,st33,2017,219,benthic,0.2706154762076204,0.29678479465697905,0.3231384303261206
beta0,st33,2017,220,pelagic,0.12328525895457229,0.1429852708834131,0.16338995041282428
beta0,st33,2017,220,benthic,0.27032945213601833,0.29615017718809244,0.3223314739806524
beta0,st33,2017,221,pelagic,0.12048255322089528,0.14084125410985215,0.16104495158852764
beta0,st33,2017,221,benthic,0.26868044574071326,0.29501922875275566,0.3217703696427904
beta0,st33,2017,222,pelagic,0.11768730486722977,0.13819148350504498,0.15868319280486853
beta0,st33,2017,222,benthic,0.267058602748219,0.29437706077179193,0.3209426040046714
beta0,st33,2017,223,pelagic,0.1142410964495659,0.13562329416801983,0.15640146678271644
beta0,st33,2017,223,benthic,0.266378893798567,0.29404719370348703,0.32068711267620253
beta0,st33,2017,224,pelagic,0.11139806430865509,0.13286180269552317,0.15357746513677292
beta0,st33,2017,224,benthic,0.2656053315166484,0.29410879023931896,0.3218126878898697
beta0,st33,2017,225,pelagic,0.10768739972625781,0.1292778716186173,0.15104199912135993
beta0,st33,2017,225,benthic,0.2653026829969218,0.29385839829940064,0.3237619680364222
beta0,st33,2017,226,pelagic,0.10389073992145802,0.1267125993793051,0.14953579135827422
beta0,st33,2017,226,benthic,0.26436156746752726,0.2936897867123983,0.3250439539192156
beta0,st33,2017,227,pelagic,0.10059799284651867,0.12401305631405804,0.14673573798112854
beta0,st33,2017,227,benthic,0.2640178606473422,0.29390416714576495,0.32483946083438875
beta0,st33,2017,228,pelagic,0.09739556437666141,0.12139871751549604,0.14536775613922676
beta0,st33,2017,228,benthic,0.2599883701694963,0.29087704660655916,0.32288650857517287
beta0,st33,2017,229,pelagic,0.09537286779085091,0.11980536896617638,0.14503841063940195
beta0,st33,2017,229,benthic,0.258698313640868,0.2894653158870508,0.3219111253219339
beta0,st33,2017,230,pelagic,0.09329125367243979,0.11850137601834085,0.14483542760477056
beta0,st33,2017,230,benthic,0.25631191221742483,0.28821051953103455,0.3228709376068943
rho,st33,2017,181,pelagic,0.008376316779391999,0.02541273623782945,0.047495059061952456
rho,st33,2017,181,benthic,0.09111568990915166,0.11162345912927453,0.13148965519309008
rho,st33,2017,182,pelagic,0.0092574379128051,0.02520855314434921,0.04646073801303695
rho,st33,2017,182,benthic,0.09231058959949678,0.11234176804692417,0.131638698022851
rho,st33,2017,183,pelagic,0.010089192277158647,0.02551253133650891,0.04626453602343869
rho,st33,2017,183,benthic,0.09360909595164298,0.11260087308641656,0.13127817989528295
rho,st33,2017,184,pelagic,0.009005449678230235,0.024583486632027144,0.0443548898064266
rho,st33,2017,184,benthic,0.09430368003850012,0.11236106214510092,0.13034979838062472
rho,st33,2017,185,pelagic,0.009509745377283663,0.02522574196002627,0.04461246124225281
rho,st33,2017,185,benthic,0.09509523595144316,0.11290243785132732,0.13058413397715002
rho,st33,2017,186,pelagic,0.011133983693130605,0.027117788076415704,0.04610696701374349
rho,st33,2017,186,benthic,0.09644064265282289,0.11360194337639726,0.1310648249043454
rho,st33,2017,187,pelagic,0.012797473497260809,0.02878517723854923,0.04791452287356359
rho,st33,2017,187,benthic,0.09638510237468728,0.11326388366916551,0.13056988885836907
rho,st33,2017,188,pelagic,0.01327363677497927,0.029871877477991984,0.04845040792731209
rho,st33,2017,188,benthic,0.09550416514514978,0.11227424028730182,0.1298158816117746
rho,st33,2017,189,pelagic,0.014649172115556133,0.031502364852267616,0.049201511592793706
rho,st33,2017,189,benthic,0.09540204541515893,0.11154877691925401,0.12853722673856252
rho,st33,2017,190,pelagic,0.014021829721642818,0.030869695517504892,0.049190909855083974
rho,st33,2017,190,benthic,0.09386606726020097,0.11038396300956999,0.1273351675595218
rho,st33,2017,191,pelagic,0.014613667095292498,0.031236523949367913,0.049284632032677814
rho,st33,2017,191,benthic,0.09428432637974506,0.11032291996094365,0.12753613965763455
rho,st33,2017,192,pelagic,0.013730858977277336,0.03065093158217768,0.04810753601411267
rho,st33,2017,192,benthic,0.09466661365292878,0.11048044594194568,0.12727059613686476
rho,st33,2017,193,pelagic,0.014028309887083291,0.030513589288618973,0.04848900391355988
rho,st33,2017,193,benthic,0.0932885670995842,0.10924435090165363,0.1254442176618333
rho,st33,2017,194,pelagic,0.014911016548070234,0.03176620859194587,0.049338246251967866
rho,st33,2017,194,benthic,0.09304505824183673,0.10857881281691253,0.12500874365574016
rho,st33,2017,195,pelagic,0.01629972629072941,0.03265821336368602,0.04922206951332239
rho,st33,2017,195,benthic,0.09030217628709934,0.10611310175137331,0.12290741913458542
rho,st33,2017,196,pelagic,0.017614138322757274,0.034314055857671194,0.05018661208192858
rho,st33,2017,196,benthic,0.08936981831603427,0.10525766149218102,0.12190020644219193
rho,st33,2017,197,pelagic,0.019009174466861487,0.035447703792307356,0.05150390390271668
rho,st33,2017,197,benthic,0.0891121204064801,0.10512482672048534,0.12190336209618195
rho,st33,2017,198,pelagic,0.019847791570608907,0.035399280288000004,0.05200859573828313
rho,st33,2017,198,benthic,0.08683200769022874,0.1028235857020375,0.11932344011539003
rho,st33,2017,199,pelagic,0.020967971719005312,0.03661858132943074,0.05264287703545341
rho,st33,2017,199,benthic,0.0862690441115525,0.10242335734197715,0.11904045177576622
rho,st33,2017,200,pelagic,0.020072834153625096,0.0354344176907022,0.05163713062849159
rho,st33,2017,200,benthic,0.0834596766463703,0.09952751926841955,0.11660478441531433
rho,st33,2017,201,pelagic,0.01831115100974861,0.03378824732229409,0.04971535276832604
rho,st33,2017,201,benthic,0.07870136756093063,0.0948680534837065,0.11185450335818331
rho,st33,2017,202,pelagic,0.01592692197039246,0.031133327925920443,0.04604314109439578
rho,st33,2017,202,benthic,0.07260734035955774,0.08906730016913667,0.10570308671185907
rho,st33,2017,203,pelagic,0.012020649664025825,0.026402510446527777,0.041749529232353755
rho,st33,2017,203,benthic,0.06436604999441209,0.08155354081392521,0.09811663515418381
rho,st33,2017,204,pelagic,0.010651149819894444,0.02467033322396586,0.03953048568104981
rho,st33,2017,204,benthic,0.05992897021808061,0.07657805209535085,0.09413276226041785
rho,st33,2017,205,pelagic,0.010669873449144017,0.024047098533116856,0.03900273457165547
rho,st33,2017,205,benthic,0.056354981034868766,0.07370301367427934,0.09076004166273506
rho,st33,2017,206,pelagic,0.010087827306710498,0.022851686344027736,0.037283424740292954
rho,st33,2017,206,benthic,0.056505707873435285,0.07421895091080687,0.09235942564261572
rho,st33,2017,207,pelagic,0.010408098122776223,0.022810792850867713,0.037171942905464585
rho,st33,2017,207,benthic,0.061463020927132565,0.07905146141171715,0.09623543646878854
rho,st33,2017,208,pelagic,0.011958476037963623,0.02414685189715143,0.038631634771665375
rho,st33,2017,208,benthic,0.06958286426379237,0.08595364042201961,0.10294055184521529
rho,st33,2017,209,pelagic,0.010564926318757151,0.022601656277383086,0.03708688753108375
rho,st33,2017,209,benthic,0.07264986702239458,0.08876240535635449,0.10527130302092955
rho,st33,2017,210,pelagic,0.008503452594274449,0.02038022346526154,0.03501815699506797
rho,st33,2017,210,benthic,0.07376513557768116,0.08939366390002872,0.10565807305057331
rho,st33,2017,211,pelagic,0.008119235186966185,0.019860739814514944,0.03423150555824354
rho,st33,2017,211,benthic,0.07614690007559761,0.09083297784210329,0.10677722626520772
rho,st33,2017,212,pelagic,0.008054229898869364,0.019046442750699815,0.03286408815426
rho,st33,2017,212,benthic,0.0762154723750257,0.0910690306566174,0.1066789474317205
rho,st33,2017,213,pelagic,0.0072616314472383064,0.01819005784927661,0.03161979732298261
rho,st33,2017,213,benthic,0.07444676995970521,0.08935784323382787,0.10458743496487183
rho,st33,2017,214,pelagic,0.006181079034198381,0.01628111254909459,0.029380549868918575
rho,st33,2017,214,benthic,0.07773865500108756,0.09245337535676629,0.10795516499926686
rho,st33,2017,215,pelagic,0.00477361358563542,0.013986342114752522,0.02645272109778075
rho,st33,2017,215,benthic,0.080788294554647,0.09620545205209433,0.11106348761358195
rho,st33,2017,216,pelagic,0.00427515107745177,0.012469810866110298,0.02495543225411013
rho,st33,2017,216,benthic,0.08374438503161918,0.09883304697821406,0.1135521618015616
rho,st33,2017,217,pelagic,0.005112976847262176,0.013727820806404674,0.02551717560169205
rho,st33,2017,217,benthic,0.08567679000649601,0.10120735270243153,0.11589292198088891
rho,st33,2017,218,pelagic,0.005002281984990032,0.013690913125201817,0.025594889008781173
rho,st33,2017,218,benthic,0.08823266607732946,0.10290349535898954,0.11809547708585014
rho,st33,2017,219,pelagic,0.004590224510144497,0.013320362424954917,0.024869697925421208
rho,st33,2017,219,benthic,0.0882582721141913,0.10392057485017153,0.11869263476249792
rho,st33,2017,220,pelagic,0.005057017634415642,0.013335207450358735,0.0247977141170301
rho,st33,2017,220,benthic,0.0894892749457055,0.1045665285503806,0.12038565448409977
rho,st33,2017,221,pelagic,0.004965436308087433,0.013178925947170166,0.02494190776993306
rho,st33,2017,221,benthic,0.09117446217857225,0.10633929671904538,0.12219298348403677
rho,st33,2017,222,pelagic,0.005333247252370069,0.013883120587291974,0.026452417316154296
rho,st33,2017,222,benthic,0.09274473875641834,0.10787937394783857,0.12398076298360648
rho,st33,2017,223,pelagic,0.005273364546208008,0.013879291333314468,0.02583897443577738
rho,st33,2017,223,benthic,0.09107596610838176,0.10735960898490332,0.12338186561636173
rho,st33,2017,224,pelagic,0.004499011148905022,0.012915993442844895,0.02464816530975607
rho,st33,2017,224,benthic,0.0878710955712769,0.10447000209850346,0.12054128402159342
rho,st33,2017,225,pelagic,0.004885442731760977,0.013719502408146695,0.0256898443120422
rho,st33,2017,225,benthic,0.08544281101642312,0.1024221048894502,0.11817691470330685
rho,st33,2017,226,pelagic,0.0050484251533684105,0.014401403050899184,0.027005798156848844
rho,st33,2017,226,benthic,0.08470914285333922,0.1013076289324089,0.11801252944567994
rho,st33,2017,227,pelagic,0.00631860617167887,0.016390024036203876,0.030077800084387065
rho,st33,2017,227,benthic,0.08434600127508404,0.10213448341503054,0.11937665087858196
rho,st33,2017,228,pelagic,0.007785607863755898,0.01951476412417049,0.03373073363580548
rho,st33,2017,228,benthic,0.09066695685132803,0.10873488593563815,0.12687260232949507
rho,st33,2017,229,pelagic,0.009016016635789057,0.021747678546695084,0.03734450128338733
rho,st33,2017,229,benthic,0.09329049372149796,0.1120338710422978,0.13095456554572266
rho,st33,2017,230,pelagic,0.008752249239041943,0.022249522312368646,0.03911673922667666
rho,st33,2017,230,benthic,0.09289458443871289,0.11303195859225393,0.13346564005514194
GPP,st33,2017,181,pelagic,1.5194581684238722,1.9496781642281387,2.3770342939092237
GPP,st33,2017,181,benthic,2.37996629282563,2.7277234486047996,3.0840134677331412
GPP,st33,2017,182,pelagic,1.3072812029484588,1.6510961935373643,2.028365207376751
GPP,st33,2017,182,benthic,2.5945982394573432,2.9554836212023132,3.311653234375473
GPP,st33,2017,183,pelagic,1.6101441498080467,2.020141741159706,2.4514818900665896
GPP,st33,2017,183,benthic,2.1582969363352147,2.4572938652409437,2.772759443714125
GPP,st33,2017,184,pelagic,1.4582777573939618,1.8161962570961743,2.198546399940763
GPP,st33,2017,184,benthic,2.6184285065083235,2.9633114620988854,3.311263505597741
GPP,st33,2017,185,pelagic,1.3979524477156047,1.7291840137523975,2.0774106240163834
GPP,st33,2017,185,benthic,2.5018240272062156,2.8135725436195598,3.1354599068443285
GPP,st33,2017,186,pelagic,1.6932376960384456,2.0857235597369264,2.524088060317796
GPP,st33,2017,186,benthic,3.016066489567926,3.39053593969374,3.780435356144872
GPP,st33,2017,187,pelagic,1.5406226651479238,1.8711231565416258,2.2432226957964017
GPP,st33,2017,187,benthic,1.9756156694208054,2.2177472045579565,2.490024081424224
GPP,st33,2017,188,pelagic,1.5227814602704173,1.8624428579456527,2.2283433992434887
GPP,st33,2017,188,benthic,2.7250035344111456,3.0339453794621107,3.3682091173626896
GPP,st33,2017,189,pelagic,1.2662849161564003,1.5384910203375814,1.8257701813394798
GPP,st33,2017,189,benthic,2.464534284884723,2.74427954278471,3.0185767705089015
GPP,st33,2017,190,pelagic,1.5253106833979015,1.8410877866213196,2.1859321402335485
GPP,st33,2017,190,benthic,2.1680956192471594,2.423408921718826,2.6816037343930947
GPP,st33,2017,191,pelagic,1.6426559557538356,1.966178125901257,2.3222739328579154
GPP,st33,2017,191,benthic,2.16814021145106,2.432364454501958,2.6884202868847824
GPP,st33,2017,192,pelagic,1.20962561041011,1.4720893323497533,1.756013218606676
GPP,st33,2017,192,benthic,2.6668448416944615,2.9641318880511194,3.2537843788913587
GPP,st33,2017,193,pelagic,1.6432978651752015,1.9691614360657819,2.3275350951551506
GPP,st33,2017,193,benthic,2.7197537634768927,3.022876816418255,3.3284569975977436
GPP,st33,2017,194,pelagic,1.299157245712042,1.5597516023571725,1.845677659083217
GPP,st33,2017,194,benthic,2.593666601665751,2.8707292428324256,3.1376519374443217
GPP,st33,2017,195,pelagic,1.4895173849684382,1.7930023987034471,2.1077593095739124
GPP,st33,2017,195,benthic,2.404581105102397,2.665190148036132,2.913138056092293
GPP,st33,2017,196,pelagic,1.5654222697355689,1.8862259574954545,2.2048922543817504
GPP,st33,2017,196,benthic,2.4515452214668105,2.713601592835806,2.966447465209175
GPP,st33,2017,197,pelagic,1.513583172585883,1.8132310573903339,2.1168083105100832
GPP,st33,2017,197,benthic,2.5823413451583423,2.842674073152399,3.11021593785381
GPP,st33,2017,198,pelagic,1.1834488502578626,1.4101093415088224,1.6538789849163
GPP,st33,2017,198,benthic,2.71847177258656,2.974703675200582,3.25086898825834
GPP,st33,2017,199,pelagic,1.4193745889578617,1.693478656964214,1.985146758649456
GPP,st33,2017,199,benthic,1.6468639468280943,1.8316298057673084,2.02851697609482
GPP,st33,2017,200,pelagic,1.3330072062456935,1.5996562088155246,1.8646893370383026
GPP,st33,2017,200,benthic,1.8221372825917121,2.0174051282585177,2.2192085715295917
GPP,st33,2017,201,pelagic,1.5651144247422262,1.8726702340911296,2.1768076808158074
GPP,st33,2017,201,benthic,2.226012880548958,2.4723069087281675,2.7157031645739753
GPP,st33,2017,202,pelagic,1.210221539407888,1.4523296880560554,1.7069002889042912
GPP,st33,2017,202,benthic,2.6611203055220387,2.925311014962122,3.1606654640746994
GPP,st33,2017,203,pelagic,0.9459508742861834,1.1164386275830442,1.294147072792538
GPP,st33,2017,203,benthic,2.4268263598043047,2.6865788576031076,2.9456021271404613
GPP,st33,2017,204,pelagic,1.0559751299018845,1.252431626749602,1.452057864770602
GPP,st33,2017,204,benthic,2.373051849279535,2.6131731403739247,2.8559671292840867
GPP,st33,2017,205,pelagic,1.0775687349510856,1.2809676374665964,1.50529690944659
GPP,st33,2017,205,benthic,2.362254323195282,2.614171701761166,2.8939914942332883
GPP,st33,2017,206,pelagic,0.9697548148724411,1.1693345677956168,1.397762606107525
GPP,st33,2017,206,benthic,2.80713216700431,3.171559012684922,3.5926742711890807
GPP,st33,2017,207,pelagic,1.152430418869125,1.3848693433965378,1.6607631213366019
GPP,st33,2017,207,benthic,2.599653510684053,2.9358147993897856,3.3484692070365676
GPP,st33,2017,208,pelagic,1.5868014663649936,1.885034828025219,2.2323026430974484
GPP,st33,2017,208,benthic,1.8556896490425352,2.0875550644948726,2.361727498917345
GPP,st33,2017,209,pelagic,1.5389355823044657,1.786466561862267,2.0719004351451558
GPP,st33,2017,209,benthic,1.7016894857416873,1.9052481521665743,2.1227892308954397
GPP,st33,2017,210,pelagic,1.6420216858852528,1.893663689601422,2.1419724866758756
GPP,st33,2017,210,benthic,2.257168137461322,2.4974150285199013,2.7407777293054925
GPP,st33,2017,211,pelagic,1.4295597685994383,1.6664103589320256,1.9069776871501136
GPP,st33,2017,211,benthic,1.6641521290718637,1.8564094159916436,2.051456766006232
GPP,st33,2017,212,pelagic,1.5047218433537213,1.7480905639318725,1.991044474104809
GPP,st33,2017,212,benthic,2.8224304600371646,3.096695289967595,3.366381031377816
GPP,st33,2017,213,pelagic,1.2483764405650013,1.4410287517823157,1.632581623013386
GPP,st33,2017,213,benthic,2.5603765113224455,2.792175796206717,3.0155213879591596
GPP,st33,2017,214,pelagic,1.1692727708514656,1.3485005693426224,1.529847899346065
GPP,st33,2017,214,benthic,2.796805286936641,3.0495011220342394,3.2921346601817567
GPP,st33,2017,215,pelagic,1.4640510877732882,1.683319623965799,1.9077445027894104
GPP,st33,2017,215,benthic,2.8823440448768576,3.1432247206035493,3.3959194719832326
GPP,st33,2017,216,pelagic,1.5487950962257355,1.7923857798330096,2.0334532341009757
GPP,st33,2017,216,benthic,3.1001844490040043,3.3911155440197764,3.6595924032734732
GPP,st33,2017,217,pelagic,1.522709235332096,1.75523213503458,1.9821753823635369
GPP,st33,2017,217,benthic,2.5023128296473542,2.753599636606639,2.9919358828216427
GPP,st33,2017,218,pelagic,1.4529976685479922,1.6837278931191653,1.912677473599219
GPP,st33,2017,218,benthic,2.3875956410419374,2.644364758751541,2.882378857625608
GPP,st33,2017,219,pelagic,1.377033557367994,1.5995842623670464,1.8244949595542788
GPP,st33,2017,219,benthic,1.5266612014004717,1.7082004577028642,1.8929390147382397
GPP,st33,2017,220,pelagic,1.4791305639568046,1.7154959952455096,1.9619690736958035
GPP,st33,2017,220,benthic,1.8429226517633948,2.056034151547764,2.267619342945324
GPP,st33,2017,221,pelagic,1.3759441406778907,1.6218657897810902,1.862083500131057
GPP,st33,2017,221,benthic,2.7728772562844854,3.0537830711777874,3.331695237304244
GPP,st33,2017,222,pelagic,1.3555444938545602,1.5928511013921758,1.832702406975689
GPP,st33,2017,222,benthic,1.9706479922544338,2.202805011726041,2.4330434545599973
GPP,st33,2017,223,pelagic,1.244477076876972,1.48958125733327,1.722066250518799
GPP,st33,2017,223,benthic,2.172554770598037,2.434169297382436,2.694747350050357
GPP,st33,2017,224,pelagic,0.8121235952742061,0.9733521636737528,1.1359689534627215
GPP,st33,2017,224,benthic,2.115696957004806,2.345228725062555,2.583124323760806
GPP,st33,2017,225,pelagic,1.0685417999683335,1.292029539073944,1.5174156236848384
GPP,st33,2017,225,benthic,1.5930627630290157,1.7954969947307193,2.007512265123055
GPP,st33,2017,226,pelagic,0.8469919221018627,1.0366300069919365,1.226145155079466
GPP,st33,2017,226,benthic,1.8584768398940077,2.06826663491519,2.2910678176319417
GPP,st33,2017,227,pelagic,0.9587383740958993,1.183505682937152,1.4034752637574095
GPP,st33,2017,227,benthic,1.7113223673477467,1.9220100386068113,2.1353856583126856
GPP,st33,2017,228,pelagic,1.0664369193190626,1.3394475141186235,1.6146309988331438
GPP,st33,2017,228,benthic,1.425499440290762,1.6170594176680861,1.8155912309429743
GPP,st33,2017,229,pelagic,1.0889435426640892,1.36358949442534,1.655671382660519
GPP,st33,2017,229,benthic,1.7642397841482897,1.998416468737552,2.2523636525091915
GPP,st33,2017,230,pelagic,0.9558224529418816,1.2261108589734266,1.5099063036231957
GPP,st33,2017,230,benthic,1.6685317611093422,1.9070961118609422,2.1608040070039727
ER,st33,2017,181,pelagic,0.2121861971867022,0.642179627218838,1.205148764429393
ER,st33,2017,181,benthic,2.399195210819854,2.92299172094852,3.4098969663499012
ER,st33,2017,182,pelagic,0.24353334160197282,0.668191719232875,1.2212238547323109
ER,st33,2017,182,benthic,2.610864855838665,3.127481441362516,3.631283151260101
ER,st33,2017,183,pelagic,0.264906017792935,0.6779378755680401,1.2334662486141095
ER,st33,2017,183,benthic,2.679290442099062,3.175152065100119,3.6805462881418585
ER,st33,2017,184,pelagic,0.2320821921264709,0.6455856955963297,1.1643398197552006
ER,st33,2017,184,benthic,2.6217180431250835,3.0722633921174562,3.525213232085739
ER,st33,2017,185,pelagic,0.2482131638683688,0.6663985869724136,1.1828691171079866
ER,st33,2017,185,benthic,2.7044007922157802,3.1716217609121142,3.614323407279553
ER,st33,2017,186,pelagic,0.2991205951329918,0.7406081285021879,1.2527979733791734
ER,st33,2017,186,benthic,2.8743246484080727,3.3465680582146056,3.8296681323246076
ER,st33,2017,187,pelagic,0.34112951805562824,0.7748761539650566,1.2727091317041306
ER,st33,2017,187,benthic,2.780072249546136,3.240965839418501,3.6836031801057336
ER,st33,2017,188,pelagic,0.3510620502551366,0.7883148917260515,1.2806073002144482
ER,st33,2017,188,benthic,2.7333324255649987,3.155301139543927,3.59299229194575
ER,st33,2017,189,pelagic,0.3946604858183471,0.8481913740924425,1.343711191801129
ER,st33,2017,189,benthic,2.8315735716983252,3.2726121178357506,3.7320758149782316
ER,st33,2017,190,pelagic,0.3700316112022778,0.8129364305192139,1.2916717813589402
ER,st33,2017,190,benthic,2.656830419770177,3.0931745934638912,3.523340877462477
ER,st33,2017,191,pelagic,0.3707624006230956,0.7934315521541855,1.2459285001088414
ER,st33,2017,191,benthic,2.500654780929331,2.899588055520976,3.3004330457247684
ER,st33,2017,192,pelagic,0.3521339919823073,0.7755640668591972,1.2257612885025184
ER,st33,2017,192,benthic,2.5031009988170525,2.900176489608924,3.302223574840915
ER,st33,2017,193,pelagic,0.35838599560304524,0.7728089258545848,1.2339711155951
ER,st33,2017,193,benthic,2.4676099770481255,2.8556830443297647,3.253407998892854
ER,st33,2017,194,pelagic,0.3807643804091646,0.8093676549552729,1.2571767178027546
ER,st33,2017,194,benthic,2.4752129811173815,2.8720511603976777,3.2551107157978665
ER,st33,2017,195,pelagic,0.43548413298670496,0.8644120687404502,1.306500845904926
ER,st33,2017,195,benthic,2.5810020507500595,2.9873639841862314,3.4013052488020046
ER,st33,2017,196,pelagic,0.47528163750082364,0.9176544481665144,1.3504845629122932
ER,st33,2017,196,benthic,2.5947067583282375,3.0332655367353065,3.463025552103419
ER,st33,2017,197,pelagic,0.503095602997954,0.9417177109970349,1.358586412814449
ER,st33,2017,197,benthic,2.547576381137372,2.973517982182287,3.3851774915593458
ER,st33,2017,198,pelagic,0.5208518788154322,0.9244687981202522,1.352872373842676
ER,st33,2017,198,benthic,2.425012533628466,2.8213740348550638,3.217699177087774
ER,st33,2017,199,pelagic,0.5467675877057144,0.9574433554481451,1.3835338326894564
ER,st33,2017,199,benthic,2.41858225484833,2.8225782056783064,3.2222458376588814
ER,st33,2017,200,pelagic,0.5158079324005033,0.9096150776278824,1.3129589400413149
ER,st33,2017,200,benthic,2.254739579070507,2.6422027304869937,3.0363442759822967
ER,st33,2017,201,pelagic,0.4759528958011406,0.8729387745158979,1.2702648954545634
ER,st33,2017,201,benthic,2.1552724209207783,2.555103760760556,2.932750028477727
ER,st33,2017,202,pelagic,0.42243937920477154,0.8218507966824596,1.2088708448907994
ER,st33,2017,202,benthic,2.0906277632925585,2.4853935588295526,2.8827653553502905
ER,st33,2017,203,pelagic,0.3350761607328323,0.7334616678031944,1.1422853968252626
ER,st33,2017,203,benthic,2.0613141243428803,2.480231515449738,2.8732837806098783
ER,st33,2017,204,pelagic,0.3140600244359396,0.711914818953767,1.1391653379819573
ER,st33,2017,204,benthic,2.073041568338035,2.482492591029242,2.9027060395214694
ER,st33,2017,205,pelagic,0.33414389400460975,0.7516416355012528,1.1899036913173042
ER,st33,2017,205,benthic,2.2026259566121213,2.6608790459453324,3.1118093499874027
ER,st33,2017,206,pelagic,0.3456022514692979,0.7626795905595473,1.2277756797843964
ER,st33,2017,206,benthic,2.5075839037727845,3.0173360945053407,3.565258345835356
ER,st33,2017,207,pelagic,0.36340629385214535,0.7833152013564983,1.2692005952978196
ER,st33,2017,207,benthic,2.8091131500901914,3.3789524211884063,3.998492918354664
ER,st33,2017,208,pelagic,0.38338855609117495,0.7872963145415005,1.2515532795566942
ER,st33,2017,208,benthic,2.828079812737273,3.37720928390036,3.9516096674740484
ER,st33,2017,209,pelagic,0.3107536887502062,0.6761683197498203,1.096736254843718
ER,st33,2017,209,benthic,2.5573058963996207,2.9983380504674155,3.472791810245086
ER,st33,2017,210,pelagic,0.22601392238512505,0.5388168472054955,0.9193853327994272
ER,st33,2017,210,benthic,2.1373282410640333,2.5245137371497988,2.8937252155501296
ER,st33,2017,211,pelagic,0.1965305465783612,0.4817819650707442,0.8270975281306281
ER,st33,2017,211,benthic,1.8508174262908528,2.2038703230534473,2.5808472038525485
ER,st33,2017,212,pelagic,0.19272740474741645,0.45639303836344197,0.7865907724756287
ER,st33,2017,212,benthic,1.8047559581677306,2.1565481634162085,2.5302765094296986
ER,st33,2017,213,pelagic,0.18287006489999266,0.4527818975852832,0.7880339205582882
ER,st33,2017,213,benthic,1.851810836889927,2.212929235027199,2.5735703324858115
ER,st33,2017,214,pelagic,0.15355641119004948,0.4111046087355899,0.740983893862742
ER,st33,2017,214,benthic,2.0304962115926193,2.3911997786351966,2.7706508722991705
ER,st33,2017,215,pelagic,0.12417033412509358,0.3597200303841982,0.6805218615703075
ER,st33,2017,215,benthic,2.1730178643253364,2.5653879679256013,2.943277894077408
ER,st33,2017,216,pelagic,0.1114229878994693,0.32305485916380694,0.6446272909715935
ER,st33,2017,216,benthic,2.2614701157114583,2.6527292044997113,3.030525229905064
ER,st33,2017,217,pelagic,0.13342133759692398,0.36116689033252736,0.6703745572378903
ER,st33,2017,217,benthic,2.372830910642055,2.7832054090605793,3.1720802731312423
ER,st33,2017,218,pelagic,0.13080377035667506,0.35866957597872473,0.6659329677778959
ER,st33,2017,218,benthic,2.4489561417797243,2.8520035828441577,3.2688182823084992
ER,st33,2017,219,pelagic,0.11688904097925583,0.3439005226138785,0.6428492834522169
ER,st33,2017,219,benthic,2.3792153356646626,2.7833701185306046,3.1711296062211156
ER,st33,2017,220,pelagic,0.12614038439655173,0.33808105163873814,0.6280979456128563
ER,st33,2017,220,benthic,2.329027802425082,2.716902427576199,3.115899482853721
ER,st33,2017,221,pelagic,0.12122076103025463,0.32125566617162077,0.6097238166734245
ER,st33,2017,221,benthic,2.2321018544303337,2.60700735729439,2.9952974147868776
ER,st33,2017,222,pelagic,0.12545703039217773,0.3258220796531046,0.6206049607811768
ER,st33,2017,222,benthic,2.1394985122641543,2.4916024844289293,2.8701196636394277
ER,st33,2017,223,pelagic,0.11769401767628011,0.3102762233970757,0.5821253136144939
ER,st33,2017,223,benthic,1.9184671378255493,2.2861010669676256,2.671674578643853
ER,st33,2017,224,pelagic,0.10150534850706391,0.2934451793431759,0.5584433976100267
ER,st33,2017,224,benthic,1.8967350075626728,2.2692127175604133,2.6343408643004165
ER,st33,2017,225,pelagic,0.11142768728287296,0.3118805217092844,0.5907462809999436
ER,st33,2017,225,benthic,1.854813379461392,2.2326799491782916,2.598948160461828
ER,st33,2017,226,pelagic,0.1177266529365372,0.3334907935302517,0.6264733363714559
ER,st33,2017,226,benthic,1.89239050110708,2.27211329180336,2.6473929652334167
ER,st33,2017,227,pelagic,0.1510844328795452,0.39116010703954585,0.7188576454444117
ER,st33,2017,227,benthic,1.955417786006226,2.3694901270652893,2.767501337109845
ER,st33,2017,228,pelagic,0.18895631312776864,0.47265315041451,0.8190275385302206
ER,st33,2017,228,benthic,2.1777792239714695,2.6124721109235165,3.0492490173684303
ER,st33,2017,229,pelagic,0.2119394437669227,0.5103229850333704,0.876589660725538
ER,st33,2017,229,benthic,2.160500334444243,2.5909887441552866,3.0309198533734927
ER,st33,2017,230,pelagic,0.19787005154821738,0.495776991011291,0.8764888746793942
ER,st33,2017,230,benthic,1.9619955101863533,2.402736648707493,2.839661971420483
NEP,st33,2017,181,pelagic,0.8086912205848609,1.2608352550441295,1.682017134071587
NEP,st33,2017,181,benthic,-0.6359364134812118,-0.17252973043434772,0.2699494910811813
NEP,st33,2017,182,pelagic,0.5348434259435874,0.951254604884961,1.3265759535568318
NEP,st33,2017,182,benthic,-0.6156154630049544,-0.16709366690875388,0.2746392740793756
NEP,st33,2017,183,pelagic,0.8847830985246722,1.3046758149096653,1.6857257922849396
NEP,st33,2017,183,benthic,-1.1269035505254055,-0.7182320689669333,-0.3114605120502996
NEP,st33,2017,184,pelagic,0.7489123071101559,1.131506160293875,1.493320987285813
NEP,st33,2017,184,benthic,-0.4895987156230353,-0.11090335413468719,0.2713804883025523
NEP,st33,2017,185,pelagic,0.6546070389964462,1.0310370177798585,1.383352277754153
NEP,st33,2017,185,benthic,-0.7153399171176977,-0.352550171948374,0.028169671671482342
NEP,st33,2017,186,pelagic,0.9230662657691454,1.3178482784049352,1.7090683219106446
NEP,st33,2017,186,benthic,-0.3584650586512983,0.0465465240335194,0.4457710910672764
NEP,st33,2017,187,pelagic,0.6976183380840574,1.0775213093306482,1.4619331930565949
NEP,st33,2017,187,benthic,-1.3734015243413815,-1.0036381441683377,-0.6348276875975803
NEP,st33,2017,188,pelagic,0.6942090348008544,1.0530465478723616,1.4203106119602773
NEP,st33,2017,188,benthic,-0.4673896121049481,-0.11350364588392667,0.23892643517420586
NEP,st33,2017,189,pelagic,0.3040146591303471,0.6722883280908475,1.0438330604211628
NEP,st33,2017,189,benthic,-0.9098244652289192,-0.5334482521631498,-0.15768581919772298
NEP,st33,2017,190,pelagic,0.6555864367891102,1.0139714792333043,1.360663836991342
NEP,st33,2017,190,benthic,-1.0248388634916394,-0.6653961642889894,-0.30816580075585437
NEP,st33,2017,191,pelagic,0.8078292209518771,1.1616561475329035,1.515485996698407
NEP,st33,2017,191,benthic,-0.8151415721190023,-0.46087526136191986,-0.12009712725085125
NEP,st33,2017,192,pelagic,0.34134247497311804,0.6808202254108303,1.0335030280199164
NEP,st33,2017,192,benthic,-0.29310433064342517,0.058736247531852456,0.41316754654795323
NEP,st33,2017,193,pelagic,0.8323217807199821,1.1882979391555168,1.5453038628755926
NEP,st33,2017,193,benthic,-0.1868889325270762,0.16497419143716177,0.5166648240010346
NEP,st33,2017,194,pelagic,0.40004698743393796,0.7527572810252685,1.0829711826400081
NEP,st33,2017,194,benthic,-0.33853400442538917,9.500715640529053e-4,0.349794936861745
NEP,st33,2017,195,pelagic,0.5659726510938263,0.9179891284303584,1.2788459219572859
NEP,st33,2017,195,benthic,-0.6796464519090033,-0.324216518934776,0.03321422643420947
NEP,st33,2017,196,pelagic,0.6101280864761089,0.9675110973585793,1.3306085468757376
NEP,st33,2017,196,benthic,-0.6949982870479443,-0.3204028797938031,0.05339534887364475
NEP,st33,2017,197,pelagic,0.5136722622719229,0.8685294149217566,1.2320590934793365
NEP,st33,2017,197,benthic,-0.4783453668719273,-0.12493382737364836,0.2418312665784673
NEP,st33,2017,198,pelagic,0.12314143408360957,0.4797270571565707,0.8408956520909121
NEP,st33,2017,198,benthic,-0.1984858118913571,0.15516626227826147,0.5214280125858357
NEP,st33,2017,199,pelagic,0.3769407057809609,0.7332147341965227,1.1028377192816938
NEP,st33,2017,199,benthic,-1.3334064993660295,-0.990782252515248,-0.631907610611428
NEP,st33,2017,200,pelagic,0.3212223994006698,0.6927820087400618,1.025166860429168
NEP,st33,2017,200,benthic,-0.9751543497011376,-0.6277334176455043,-0.27303305169194436
NEP,st33,2017,201,pelagic,0.6311206335810547,1.0005920201097833,1.3546422436508707
NEP,st33,2017,201,benthic,-0.4382219410968621,-0.0823960752460519,0.2836319067153444
NEP,st33,2017,202,pelagic,0.28885533399077246,0.630880890554373,0.9867824784429541
NEP,st33,2017,202,benthic,0.06908720383762325,0.42744247589278606,0.7975389180149683
NEP,st33,2017,203,pelagic,0.022181646817568245,0.3857199944099847,0.7274967531427722
NEP,st33,2017,203,benthic,-0.17740518489880128,0.2087490560084659,0.6054938873807844
NEP,st33,2017,204,pelagic,0.16541665479532852,0.539126572802961,0.878824231216755
NEP,st33,2017,204,benthic,-0.26013714367219604,0.12664778543087246,0.5099302145284619
NEP,st33,2017,205,pelagic,0.13610174431118502,0.5341478566012838,0.8925386797017132
NEP,st33,2017,205,benthic,-0.44357088223336627,-0.038681760620958835,0.37953684678251065
NEP,st33,2017,206,pelagic,-8.216643720267382e-4,0.41156983747408404,0.7847482198937836
NEP,st33,2017,206,benthic,-0.3500432735883207,0.16353908623053598,0.6813449596658737
NEP,st33,2017,207,pelagic,0.1636455229827595,0.6014063624448734,1.0061976259774208
NEP,st33,2017,207,benthic,-0.9909278463608594,-0.427841056419607,0.1029287907004025
NEP,st33,2017,208,pelagic,0.6645436709116733,1.0973715752087831,1.5109629718801108
NEP,st33,2017,208,benthic,-1.8012994584434847,-1.2774714442401414,-0.7697937766002344
NEP,st33,2017,209,pelagic,0.7266941048921567,1.1146520013881687,1.4673069564846597
NEP,st33,2017,209,benthic,-1.524270104103977,-1.0940858746151005,-0.6780101193947534
NEP,st33,2017,210,pelagic,0.9753061029659119,1.3278999711528452,1.6657262096492542
NEP,st33,2017,210,benthic,-0.38587947746100365,-0.019385468674606318,0.33697307886817357
NEP,st33,2017,211,pelagic,0.835781453776351,1.168126463230137,1.4840038871748573
NEP,st33,2017,211,benthic,-0.6918718393559279,-0.3564111568433684,-0.01406921484551756
NEP,st33,2017,212,pelagic,0.9250269739589363,1.2642883376829646,1.5800270120861317
NEP,st33,2017,212,benthic,0.5839820698969018,0.9335911209716405,1.2805003367498817
NEP,st33,2017,213,pelagic,0.6474198942753439,0.9722030765576606,1.2444239097387804
NEP,st33,2017,213,benthic,0.23052084164496373,0.5820301700862943,0.9041741525854933
NEP,st33,2017,214,pelagic,0.6221348138314117,0.9227253055785225,1.1822977456190955
NEP,st33,2017,214,benthic,0.304799824822467,0.6455531421786151,0.9931891394530922
NEP,st33,2017,215,pelagic,0.9888467870008023,1.2955443890933434,1.5880862964864213
NEP,st33,2017,215,benthic,0.23249699750784283,0.5833485221971071,0.9199703688492878
NEP,st33,2017,216,pelagic,1.119684321488641,1.4296013320912184,1.7207418993985768
NEP,st33,2017,216,benthic,0.39420097794333203,0.7324167423291961,1.0770408197199128
NEP,st33,2017,217,pelagic,1.0547888396384086,1.3693945193205712,1.6476798272562077
NEP,st33,2017,217,benthic,-0.3758619628947398,-0.032262517945527654,0.32455380996178607
NEP,st33,2017,218,pelagic,0.9834779278966698,1.2888482886884365,1.5891218032029306
NEP,st33,2017,218,benthic,-0.5759932248061627,-0.21058794745724968,0.1468702882273199
NEP,st33,2017,219,pelagic,0.9345868252857129,1.231006370594314,1.5043440006612696
NEP,st33,2017,219,benthic,-1.4130156822231918,-1.073808332681066,-0.7118327846544079
NEP,st33,2017,220,pelagic,1.0509858125105336,1.3492011459810862,1.6398261029960435
NEP,st33,2017,220,benthic,-1.0039666742415787,-0.6658908715481102,-0.32130994478931796
NEP,st33,2017,221,pelagic,0.9470068480217047,1.2648402649128405,1.5522640642823409
NEP,st33,2017,221,benthic,0.09557732454616223,0.4449017836304145,0.7833367014665998
NEP,st33,2017,222,pelagic,0.9358261305110714,1.239896464919083,1.520248828293348
NEP,st33,2017,222,benthic,-0.6160745328199582,-0.29761155900449066,0.036961076467175655
NEP,st33,2017,223,pelagic,0.8535747564097232,1.1448453131381846,1.4216750006385517
NEP,st33,2017,223,benthic,-0.19584287413317064,0.14564945570680385,0.47431803121607247
NEP,st33,2017,224,pelagic,0.4047163141132218,0.6541583686090867,0.8895830808748049
NEP,st33,2017,224,benthic,-0.25962120287173795,0.08639497285737224,0.41583455128145425
NEP,st33,2017,225,pelagic,0.660984713696115,0.953766069497924,1.216832734843459
NEP,st33,2017,225,benthic,-0.7639997002458186,-0.42786149744231955,-0.10367900242319038
NEP,st33,2017,226,pelagic,0.38981933992003304,0.6764738387475395,0.9301664070120417
NEP,st33,2017,226,benthic,-0.5468277643505877,-0.19706000122388312,0.14383242811316815
NEP,st33,2017,227,pelagic,0.4382237856191396,0.7611352012990482,1.0511807866170115
NEP,st33,2017,227,benthic,-0.8018712417471638,-0.43764423591762636,-0.08732848520557498
NEP,st33,2017,228,pelagic,0.48561803199446396,0.846897809611962,1.1803910757686198
NEP,st33,2017,228,benthic,-1.3910291538090829,-0.9916994578751182,-0.5941748619844626
NEP,st33,2017,229,pelagic,0.44732892734760565,0.8351093209360826,1.1871071250101988
NEP,st33,2017,229,benthic,-0.9947075536752371,-0.585730208848554,-0.17793746031796448
NEP,st33,2017,230,pelagic,0.3217557789419637,0.7101349678691429,1.0588025579946279
NEP,st33,2017,230,benthic,-0.8931085046951738,-0.48713783578860276,-0.0731854635710983
